Number,Name,Image Link,Type,Rarity,Set,Back Image Link,Surface Finish Front,Surface Finish Back,Traits,Intercept,Force
1,Blazing Axe Kick,https://github.com/zolodio/Avatar-TCG-Database/raw/main/1.jpg,strike,common,AME,https://github.com/zolodio/Avatar-TCG-Database/raw/main/cardback.jpg,semi-gloss,semi-gloss,bull,6,3
2,Boiling Point,https://github.com/zolodio/Avatar-TCG-Database/raw/main/2.jpg,strike,common,AME,https://github.com/zolodio/Avatar-TCG-Database/raw/main/cardback.jpg,semi-gloss,semi-gloss,bull,8,3
3,Burning Blade,https://github.com/zolodio/Avatar-TCG-Database/raw/main/3.jpg,strike,uncommon,AME,https://github.com/zolodio/Avatar-TCG-Database/raw/main/cardback.jpg,semi-gloss,semi-gloss,bull,5,3
4,Burning Disc,https://github.com/zolodio/Avatar-TCG-Database/raw/main/4.jpg,strike,common,AME,https://github.com/zolodio/Avatar-TCG-Database/raw/main/cardback.jpg,semi-gloss,semi-gloss,bull,5,6
5,Burning Lash,https://github.com/zolodio/Avatar-TCG-Database/raw/main/5.jpg,strike,uncommon,AME,https://github.com/zolodio/Avatar-TCG-Database/raw/main/cardback.jpg,semi-gloss,semi-gloss,bull,7,4
6,Doublefoot Dropkick,https://github.com/zolodio/Avatar-TCG-Database/raw/main/6.jpg,strike,common,AME,https://github.com/zolodio/Avatar-TCG-Database/raw/main/cardback.jpg,semi-gloss,semi-gloss,bull,5,1
7,Eye of Ozai,https://github.com/zolodio/Avatar-TCG-Database/raw/main/7.jpg,strike,common,AME,https://github.com/zolodio/Avatar-TCG-Database/raw/main/cardback.jpg,semi-gloss,semi-gloss,bull,4,6
8,Fetch!,https://github.com/zolodio/Avatar-TCG-Database/raw/main/8.jpg,strike,common,AME,https://github.com/zolodio/Avatar-TCG-Database/raw/main/cardback.jpg,semi-gloss,semi-gloss,bull,5,4
9,Flare,https://github.com/zolodio/Avatar-TCG-Database/raw/main/9.jpg,strike,common,AME,https://github.com/zolodio/Avatar-TCG-Database/raw/main/cardback.jpg,semi-gloss,semi-gloss,bull,4,3
10,Flying Fire Fist,https://github.com/zolodio/Avatar-TCG-Database/raw/main/10.jpg,strike,rare,AME,https://github.com/zolodio/Avatar-TCG-Database/raw/main/cardback.jpg,semi-gloss,semi-gloss,bull,5,7
11,Gout of Flame,https://github.com/zolodio/Avatar-TCG-Database/raw/main/11.jpg,strike,rare,AME,https://github.com/zolodio/Avatar-TCG-Database/raw/main/cardback.jpg,semi-gloss,semi-gloss,bull,5,3
12,Jagged Ground,https://github.com/zolodio/Avatar-TCG-Database/raw/main/12.jpg,strike,rare,AME,https://github.com/zolodio/Avatar-TCG-Database/raw/main/cardback.jpg,semi-gloss,semi-gloss,bull,2,2
13,Quicksand,https://github.com/zolodio/Avatar-TCG-Database/raw/main/13.jpg,strike,uncommon,AME,https://github.com/zolodio/Avatar-TCG-Database/raw/main/cardback.jpg,semi-gloss,semi-gloss,bull,3,4
14,Rock the House,https://github.com/zolodio/Avatar-TCG-Database/raw/main/14.jpg,strike,rare,AME,https://github.com/zolodio/Avatar-TCG-Database/raw/main/cardback.jpg,semi-gloss,semi-gloss,bull,6,3
15,Scorching Phoenix,https://github.com/zolodio/Avatar-TCG-Database/raw/main/15.jpg,strike,rare,AME,https://github.com/zolodio/Avatar-TCG-Database/raw/main/cardback.jpg,semi-gloss,semi-gloss,bull,6,6
16,Searing Cage,https://github.com/zolodio/Avatar-TCG-Database/raw/main/16.jpg,strike,uncommon,AME,https://github.com/zolodio/Avatar-TCG-Database/raw/main/cardback.jpg,semi-gloss,semi-gloss,bull,6,2
17,Stoke the Flames,https://github.com/zolodio/Avatar-TCG-Database/raw/main/17.jpg,strike,rare,AME,https://github.com/zolodio/Avatar-TCG-Database/raw/main/cardback.jpg,semi-gloss,semi-gloss,bull,8,4
18,Tectonic Shift,https://github.com/zolodio/Avatar-TCG-Database/raw/main/18.jpg,strike,uncommon,AME,https://github.com/zolodio/Avatar-TCG-Database/raw/main/cardback.jpg,semi-gloss,semi-gloss,bull,3,6
19,Titanic Fireball,https://github.com/zolodio/Avatar-TCG-Database/raw/main/19.jpg,strike,rare,AME,https://github.com/zolodio/Avatar-TCG-Database/raw/main/cardback.jpg,semi-gloss,semi-gloss,bull,5,5
20,Wildfire Arc,https://github.com/zolodio/Avatar-TCG-Database/raw/main/20.jpg,strike,rare,AME,https://github.com/zolodio/Avatar-TCG-Database/raw/main/cardback.jpg,semi-gloss,semi-gloss,bull,7,6
21,Blast Cushion,https://github.com/zolodio/Avatar-TCG-Database/raw/main/21.jpg,strike,uncommon,AME,https://github.com/zolodio/Avatar-TCG-Database/raw/main/cardback.jpg,semi-gloss,semi-gloss,fox,8,1
22,Breath of the Dragon,https://github.com/zolodio/Avatar-TCG-Database/raw/main/22.jpg,strike,common,AME,https://github.com/zolodio/Avatar-TCG-Database/raw/main/cardback.jpg,semi-gloss,semi-gloss,fox,4,6
23,Canyon Sprint,https://github.com/zolodio/Avatar-TCG-Database/raw/main/23.jpg,strike,uncommon,AME,https://github.com/zolodio/Avatar-TCG-Database/raw/main/cardback.jpg,semi-gloss,semi-gloss,fox,5,5
24,Careening Koi,https://github.com/zolodio/Avatar-TCG-Database/raw/main/24.jpg,strike,uncommon,AME,https://github.com/zolodio/Avatar-TCG-Database/raw/main/cardback.jpg,semi-gloss,semi-gloss,fox,5,4
25,Frost Blade,https://github.com/zolodio/Avatar-TCG-Database/raw/main/25.jpg,strike,uncommon,AME,https://github.com/zolodio/Avatar-TCG-Database/raw/main/cardback.jpg,semi-gloss,semi-gloss,fox,3,4
26,Frost Daggers,https://github.com/zolodio/Avatar-TCG-Database/raw/main/26.jpg,strike,common,AME,https://github.com/zolodio/Avatar-TCG-Database/raw/main/cardback.jpg,semi-gloss,semi-gloss,fox,6,1
27,Frost Spear,https://github.com/zolodio/Avatar-TCG-Database/raw/main/27.jpg,strike,uncommon,AME,https://github.com/zolodio/Avatar-TCG-Database/raw/main/cardback.jpg,semi-gloss,semi-gloss,fox,4,5
28,Gale Force,https://github.com/zolodio/Avatar-TCG-Database/raw/main/28.jpg,strike,rare,AME,https://github.com/zolodio/Avatar-TCG-Database/raw/main/cardback.jpg,semi-gloss,semi-gloss,fox,3,6
29,Howling Cyclone,https://github.com/zolodio/Avatar-TCG-Database/raw/main/29.jpg,strike,rare,AME,https://github.com/zolodio/Avatar-TCG-Database/raw/main/cardback.jpg,semi-gloss,semi-gloss,fox,8,7
30,Howling Squall,https://github.com/zolodio/Avatar-TCG-Database/raw/main/30.jpg,strike,rare,AME,https://github.com/zolodio/Avatar-TCG-Database/raw/main/cardback.jpg,semi-gloss,semi-gloss,fox,5,7
31,Howling Wind,https://github.com/zolodio/Avatar-TCG-Database/raw/main/31.jpg,strike,common,AME,https://github.com/zolodio/Avatar-TCG-Database/raw/main/cardback.jpg,semi-gloss,semi-gloss,fox,5,5
32,Nimbus Churn,https://github.com/zolodio/Avatar-TCG-Database/raw/main/32.jpg,strike,rare,AME,https://github.com/zolodio/Avatar-TCG-Database/raw/main/cardback.jpg,semi-gloss,semi-gloss,fox,7,5
33,Rocky Road,https://github.com/zolodio/Avatar-TCG-Database/raw/main/33.jpg,strike,rare,AME,https://github.com/zolodio/Avatar-TCG-Database/raw/main/cardback.jpg,semi-gloss,semi-gloss,fox,6,5
34,Spinning Tempest,https://github.com/zolodio/Avatar-TCG-Database/raw/main/34.jpg,strike,rare,AME,https://github.com/zolodio/Avatar-TCG-Database/raw/main/cardback.jpg,semi-gloss,semi-gloss,fox,7,3
35,Swirling Flames,https://github.com/zolodio/Avatar-TCG-Database/raw/main/35.jpg,strike,common,AME,https://github.com/zolodio/Avatar-TCG-Database/raw/main/cardback.jpg,semi-gloss,semi-gloss,fox,5,6
36,Teeth of the Dragon,https://github.com/zolodio/Avatar-TCG-Database/raw/main/36.jpg,strike,common,AME,https://github.com/zolodio/Avatar-TCG-Database/raw/main/cardback.jpg,semi-gloss,semi-gloss,fox,5,1
37,Terra Break,https://github.com/zolodio/Avatar-TCG-Database/raw/main/37.jpg,strike,rare,AME,https://github.com/zolodio/Avatar-TCG-Database/raw/main/cardback.jpg,semi-gloss,semi-gloss,fox,6,6
38,Tongue of the Dragon,https://github.com/zolodio/Avatar-TCG-Database/raw/main/38.jpg,strike,common,AME,https://github.com/zolodio/Avatar-TCG-Database/raw/main/cardback.jpg,semi-gloss,semi-gloss,fox,7,4
39,Water Lasso,https://github.com/zolodio/Avatar-TCG-Database/raw/main/39.jpg,strike,rare,AME,https://github.com/zolodio/Avatar-TCG-Database/raw/main/cardback.jpg,semi-gloss,semi-gloss,fox,6,4
40,Wind on the Waves,https://github.com/zolodio/Avatar-TCG-Database/raw/main/40.jpg,strike,common,AME,https://github.com/zolodio/Avatar-TCG-Database/raw/main/cardback.jpg,semi-gloss,semi-gloss,fox,4,4
41,Bitter Butter,https://github.com/zolodio/Avatar-TCG-Database/raw/main/41.jpg,strike,common,AME,https://github.com/zolodio/Avatar-TCG-Database/raw/main/cardback.jpg,semi-gloss,semi-gloss,lion,4,3
42,Blowback,https://github.com/zolodio/Avatar-TCG-Database/raw/main/42.jpg,strike,rare,AME,https://github.com/zolodio/Avatar-TCG-Database/raw/main/cardback.jpg,semi-gloss,semi-gloss,lion,5,5
43,Creeping Crystal,https://github.com/zolodio/Avatar-TCG-Database/raw/main/43.jpg,strike,rare,AME,https://github.com/zolodio/Avatar-TCG-Database/raw/main/cardback.jpg,semi-gloss,semi-gloss,lion,6,6
44,Dancing Mists,https://github.com/zolodio/Avatar-TCG-Database/raw/main/44.jpg,strike,common,AME,https://github.com/zolodio/Avatar-TCG-Database/raw/main/cardback.jpg,semi-gloss,semi-gloss,lion,4,6
45,Double Crest,https://github.com/zolodio/Avatar-TCG-Database/raw/main/45.jpg,strike,common,AME,https://github.com/zolodio/Avatar-TCG-Database/raw/main/cardback.jpg,semi-gloss,semi-gloss,lion,6,3
46,Hurricane Vault,https://github.com/zolodio/Avatar-TCG-Database/raw/main/46.jpg,strike,uncommon,AME,https://github.com/zolodio/Avatar-TCG-Database/raw/main/cardback.jpg,semi-gloss,semi-gloss,lion,3,5
47,Just Desserts,https://github.com/zolodio/Avatar-TCG-Database/raw/main/47.jpg,strike,common,AME,https://github.com/zolodio/Avatar-TCG-Database/raw/main/cardback.jpg,semi-gloss,semi-gloss,lion,7,1
48,Million Gallon Attack,https://github.com/zolodio/Avatar-TCG-Database/raw/main/48.jpg,strike,rare,AME,https://github.com/zolodio/Avatar-TCG-Database/raw/main/cardback.jpg,semi-gloss,semi-gloss,lion,6,6
49,Mischievous Downpour,https://github.com/zolodio/Avatar-TCG-Database/raw/main/49.jpg,strike,uncommon,AME,https://github.com/zolodio/Avatar-TCG-Database/raw/main/cardback.jpg,semi-gloss,semi-gloss,lion,3,4
50,Sea Sphere,https://github.com/zolodio/Avatar-TCG-Database/raw/main/50.jpg,strike,rare,AME,https://github.com/zolodio/Avatar-TCG-Database/raw/main/cardback.jpg,semi-gloss,semi-gloss,lion,5,5
51,Snowball Smash,https://github.com/zolodio/Avatar-TCG-Database/raw/main/51.jpg,strike,common,AME,https://github.com/zolodio/Avatar-TCG-Database/raw/main/cardback.jpg,semi-gloss,semi-gloss,lion,8,5
52,Stifling Breeze,https://github.com/zolodio/Avatar-TCG-Database/raw/main/52.jpg,strike,uncommon,AME,https://github.com/zolodio/Avatar-TCG-Database/raw/main/cardback.jpg,semi-gloss,semi-gloss,lion,6,4
53,Stifling Wind,https://github.com/zolodio/Avatar-TCG-Database/raw/main/53.jpg,strike,common,AME,https://github.com/zolodio/Avatar-TCG-Database/raw/main/cardback.jpg,semi-gloss,semi-gloss,lion,5,6
54,Surf Spray,https://github.com/zolodio/Avatar-TCG-Database/raw/main/54.jpg,strike,rare,AME,https://github.com/zolodio/Avatar-TCG-Database/raw/main/cardback.jpg,semi-gloss,semi-gloss,lion,5,2
55,Sweet Revenge,https://github.com/zolodio/Avatar-TCG-Database/raw/main/55.jpg,strike,uncommon,AME,https://github.com/zolodio/Avatar-TCG-Database/raw/main/cardback.jpg,semi-gloss,semi-gloss,lion,5,3
56,Tandem Attack,https://github.com/zolodio/Avatar-TCG-Database/raw/main/56.jpg,strike,rare,AME,https://github.com/zolodio/Avatar-TCG-Database/raw/main/cardback.jpg,semi-gloss,semi-gloss,lion,5,4
57,Wall of Water,https://github.com/zolodio/Avatar-TCG-Database/raw/main/57.jpg,strike,rare,AME,https://github.com/zolodio/Avatar-TCG-Database/raw/main/cardback.jpg,semi-gloss,semi-gloss,lion,8,1
58,Whirling Debris,https://github.com/zolodio/Avatar-TCG-Database/raw/main/58.jpg,strike,rare,AME,https://github.com/zolodio/Avatar-TCG-Database/raw/main/cardback.jpg,semi-gloss,semi-gloss,lion,4,4
59,Windmill Barrier,https://github.com/zolodio/Avatar-TCG-Database/raw/main/59.jpg,strike,common,AME,https://github.com/zolodio/Avatar-TCG-Database/raw/main/cardback.jpg,semi-gloss,semi-gloss,lion,6,5
60,Windmill Dome,https://github.com/zolodio/Avatar-TCG-Database/raw/main/60.jpg,strike,uncommon,AME,https://github.com/zolodio/Avatar-TCG-Database/raw/main/cardback.jpg,semi-gloss,semi-gloss,lion,7,4
61,Bell Ringer,https://github.com/zolodio/Avatar-TCG-Database/raw/main/61.jpg,strike,uncommon,AME,https://github.com/zolodio/Avatar-TCG-Database/raw/main/cardback.jpg,semi-gloss,semi-gloss,,4,5
62,Boomerang Toss,https://github.com/zolodio/Avatar-TCG-Database/raw/main/62.jpg,strike,uncommon,AME,https://github.com/zolodio/Avatar-TCG-Database/raw/main/cardback.jpg,semi-gloss,semi-gloss,,5,1
63,Canyon Crawler Clash,https://github.com/zolodio/Avatar-TCG-Database/raw/main/63.jpg,strike,common,AME,https://github.com/zolodio/Avatar-TCG-Database/raw/main/cardback.jpg,semi-gloss,semi-gloss,,6,6
64,Coal Rake,https://github.com/zolodio/Avatar-TCG-Database/raw/main/64.jpg,strike,uncommon,AME,https://github.com/zolodio/Avatar-TCG-Database/raw/main/cardback.jpg,semi-gloss,semi-gloss,,5,1
65,Downdraft,https://github.com/zolodio/Avatar-TCG-Database/raw/main/65.jpg,strike,common,AME,https://github.com/zolodio/Avatar-TCG-Database/raw/main/cardback.jpg,semi-gloss,semi-gloss,,4,3
66,Earthbound,https://github.com/zolodio/Avatar-TCG-Database/raw/main/66.jpg,strike,common,AME,https://github.com/zolodio/Avatar-TCG-Database/raw/main/cardback.jpg,semi-gloss,semi-gloss,,6,5
67,Earthbridge,https://github.com/zolodio/Avatar-TCG-Database/raw/main/67.jpg,strike,uncommon,AME,https://github.com/zolodio/Avatar-TCG-Database/raw/main/cardback.jpg,semi-gloss,semi-gloss,,5,4
68,Evade,https://github.com/zolodio/Avatar-TCG-Database/raw/main/68.jpg,strike,common,AME,https://github.com/zolodio/Avatar-TCG-Database/raw/main/cardback.jpg,semi-gloss,semi-gloss,,3,1
69,Falling Leaf Ambush,https://github.com/zolodio/Avatar-TCG-Database/raw/main/69.jpg,strike,rare,AME,https://github.com/zolodio/Avatar-TCG-Database/raw/main/cardback.jpg,semi-gloss,semi-gloss,,6,4
70,Knuckle Sandwich,https://github.com/zolodio/Avatar-TCG-Database/raw/main/70.jpg,strike,common,AME,https://github.com/zolodio/Avatar-TCG-Database/raw/main/cardback.jpg,semi-gloss,semi-gloss,,6,4
71,Kyoshi Backhand,https://github.com/zolodio/Avatar-TCG-Database/raw/main/71.jpg,strike,uncommon,AME,https://github.com/zolodio/Avatar-TCG-Database/raw/main/cardback.jpg,semi-gloss,semi-gloss,,4,4
72,Kyoshi Fan Parry,https://github.com/zolodio/Avatar-TCG-Database/raw/main/72.jpg,strike,common,AME,https://github.com/zolodio/Avatar-TCG-Database/raw/main/cardback.jpg,semi-gloss,semi-gloss,,7,2
73,Kyoshi Fan Throw,https://github.com/zolodio/Avatar-TCG-Database/raw/main/73.jpg,strike,uncommon,AME,https://github.com/zolodio/Avatar-TCG-Database/raw/main/cardback.jpg,semi-gloss,semi-gloss,,5,4
74,Kyoshi Pride,https://github.com/zolodio/Avatar-TCG-Database/raw/main/74.jpg,strike,common,AME,https://github.com/zolodio/Avatar-TCG-Database/raw/main/cardback.jpg,semi-gloss,semi-gloss,,5,5
75,Pummel,https://github.com/zolodio/Avatar-TCG-Database/raw/main/75.jpg,strike,common,AME,https://github.com/zolodio/Avatar-TCG-Database/raw/main/cardback.jpg,semi-gloss,semi-gloss,,4,4
76,Seize the Moment,https://github.com/zolodio/Avatar-TCG-Database/raw/main/76.jpg,strike,common,AME,https://github.com/zolodio/Avatar-TCG-Database/raw/main/cardback.jpg,semi-gloss,semi-gloss,,2,6
77,Skewer,https://github.com/zolodio/Avatar-TCG-Database/raw/main/77.jpg,strike,common,AME,https://github.com/zolodio/Avatar-TCG-Database/raw/main/cardback.jpg,semi-gloss,semi-gloss,,3,6
78,Snapped Off,https://github.com/zolodio/Avatar-TCG-Database/raw/main/78.jpg,strike,common,AME,https://github.com/zolodio/Avatar-TCG-Database/raw/main/cardback.jpg,semi-gloss,semi-gloss,,8,4
79,Tremor Trail,https://github.com/zolodio/Avatar-TCG-Database/raw/main/79.jpg,strike,uncommon,AME,https://github.com/zolodio/Avatar-TCG-Database/raw/main/cardback.jpg,semi-gloss,semi-gloss,,5,6
80,Will of the Warrior,https://github.com/zolodio/Avatar-TCG-Database/raw/main/80.jpg,strike,uncommon,AME,https://github.com/zolodio/Avatar-TCG-Database/raw/main/cardback.jpg,semi-gloss,semi-gloss,,4,7
81,Churning Stomachs,https://github.com/zolodio/Avatar-TCG-Database/raw/main/81.jpg,advantage,uncommon,AME,https://github.com/zolodio/Avatar-TCG-Database/raw/main/cardback.jpg,semi-gloss,semi-gloss,body,,
82,Crystal Rampart,https://github.com/zolodio/Avatar-TCG-Database/raw/main/82.jpg,advantage,rare,AME,https://github.com/zolodio/Avatar-TCG-Database/raw/main/cardback.jpg,semi-gloss,semi-gloss,body,,
83,Dive for Cover,https://github.com/zolodio/Avatar-TCG-Database/raw/main/83.jpg,advantage,uncommon,AME,https://github.com/zolodio/Avatar-TCG-Database/raw/main/cardback.jpg,semi-gloss,semi-gloss,body,,
84,Flopsie Flop,https://github.com/zolodio/Avatar-TCG-Database/raw/main/84.jpg,advantage,rare,AME,https://github.com/zolodio/Avatar-TCG-Database/raw/main/cardback.jpg,semi-gloss,semi-gloss,body,,
85,Immobilize,https://github.com/zolodio/Avatar-TCG-Database/raw/main/85.jpg,advantage,rare,AME,https://github.com/zolodio/Avatar-TCG-Database/raw/main/cardback.jpg,semi-gloss,semi-gloss,body,,
86,Misdirection,https://github.com/zolodio/Avatar-TCG-Database/raw/main/86.jpg,advantage,common,AME,https://github.com/zolodio/Avatar-TCG-Database/raw/main/cardback.jpg,semi-gloss,semi-gloss,body,,
87,Riding the Crest,https://github.com/zolodio/Avatar-TCG-Database/raw/main/87.jpg,advantage,common,AME,https://github.com/zolodio/Avatar-TCG-Database/raw/main/cardback.jpg,semi-gloss,semi-gloss,body,,
88,Stand Firm,https://github.com/zolodio/Avatar-TCG-Database/raw/main/88.jpg,advantage,rare,AME,https://github.com/zolodio/Avatar-TCG-Database/raw/main/cardback.jpg,semi-gloss,semi-gloss,body,,
89,Take the High Ground,https://github.com/zolodio/Avatar-TCG-Database/raw/main/89.jpg,advantage,uncommon,AME,https://github.com/zolodio/Avatar-TCG-Database/raw/main/cardback.jpg,semi-gloss,semi-gloss,body,,
90,Ward Off,https://github.com/zolodio/Avatar-TCG-Database/raw/main/90.jpg,advantage,common,AME,https://github.com/zolodio/Avatar-TCG-Database/raw/main/cardback.jpg,semi-gloss,semi-gloss,body,,
91,Charisma,https://github.com/zolodio/Avatar-TCG-Database/raw/main/91.jpg,advantage,rare,AME,https://github.com/zolodio/Avatar-TCG-Database/raw/main/cardback.jpg,semi-gloss,semi-gloss,mind,,
92,Contemplate,https://github.com/zolodio/Avatar-TCG-Database/raw/main/92.jpg,advantage,common,AME,https://github.com/zolodio/Avatar-TCG-Database/raw/main/cardback.jpg,semi-gloss,semi-gloss,mind,,
93,Incinerate,https://github.com/zolodio/Avatar-TCG-Database/raw/main/93.jpg,advantage,common,AME,https://github.com/zolodio/Avatar-TCG-Database/raw/main/cardback.jpg,semi-gloss,semi-gloss,mind,,
94,Meditate,https://github.com/zolodio/Avatar-TCG-Database/raw/main/94.jpg,advantage,rare,AME,https://github.com/zolodio/Avatar-TCG-Database/raw/main/cardback.jpg,semi-gloss,semi-gloss,mind,,
95,Pai Sho Mastery,https://github.com/zolodio/Avatar-TCG-Database/raw/main/95.jpg,advantage,rare,AME,https://github.com/zolodio/Avatar-TCG-Database/raw/main/cardback.jpg,semi-gloss,semi-gloss,mind,,
96,Run the Blockade,https://github.com/zolodio/Avatar-TCG-Database/raw/main/96.jpg,advantage,uncommon,AME,https://github.com/zolodio/Avatar-TCG-Database/raw/main/cardback.jpg,semi-gloss,semi-gloss,mind,,
97,Sculpted Flame,https://github.com/zolodio/Avatar-TCG-Database/raw/main/97.jpg,advantage,uncommon,AME,https://github.com/zolodio/Avatar-TCG-Database/raw/main/cardback.jpg,semi-gloss,semi-gloss,mind,,
98,Training Scroll,https://github.com/zolodio/Avatar-TCG-Database/raw/main/98.jpg,advantage,common,AME,https://github.com/zolodio/Avatar-TCG-Database/raw/main/cardback.jpg,semi-gloss,semi-gloss,mind,,
99,Water Kata,https://github.com/zolodio/Avatar-TCG-Database/raw/main/99.jpg,advantage,uncommon,AME,https://github.com/zolodio/Avatar-TCG-Database/raw/main/cardback.jpg,semi-gloss,semi-gloss,mind,,
100,Yip Yip!,https://github.com/zolodio/Avatar-TCG-Database/raw/main/100.jpg,advantage,rare,AME,https://github.com/zolodio/Avatar-TCG-Database/raw/main/cardback.jpg,semi-gloss,semi-gloss,mind,,
101,Bad Breath,https://github.com/zolodio/Avatar-TCG-Database/raw/main/101.jpg,advantage,rare,AME,https://github.com/zolodio/Avatar-TCG-Database/raw/main/cardback.jpg,semi-gloss,semi-gloss,spirit,,
102,Channel the Winds,https://github.com/zolodio/Avatar-TCG-Database/raw/main/102.jpg,advantage,rare,AME,https://github.com/zolodio/Avatar-TCG-Database/raw/main/cardback.jpg,semi-gloss,semi-gloss,spirit,,
103,Dust Storm,https://github.com/zolodio/Avatar-TCG-Database/raw/main/103.jpg,advantage,common,AME,https://github.com/zolodio/Avatar-TCG-Database/raw/main/cardback.jpg,semi-gloss,semi-gloss,spirit,,
104,Expendable Troops,https://github.com/zolodio/Avatar-TCG-Database/raw/main/104.jpg,advantage,uncommon,AME,https://github.com/zolodio/Avatar-TCG-Database/raw/main/cardback.jpg,semi-gloss,semi-gloss,spirit,,
105,Fiery Temper,https://github.com/zolodio/Avatar-TCG-Database/raw/main/105.jpg,advantage,common,AME,https://github.com/zolodio/Avatar-TCG-Database/raw/main/cardback.jpg,semi-gloss,semi-gloss,spirit,,
106,Flying Staff Technique,https://github.com/zolodio/Avatar-TCG-Database/raw/main/106.jpg,advantage,uncommon,AME,https://github.com/zolodio/Avatar-TCG-Database/raw/main/cardback.jpg,semi-gloss,semi-gloss,spirit,,
107,Glorious Feast,https://github.com/zolodio/Avatar-TCG-Database/raw/main/107.jpg,advantage,rare,AME,https://github.com/zolodio/Avatar-TCG-Database/raw/main/cardback.jpg,semi-gloss,semi-gloss,spirit,,
108,Head Over Heels,https://github.com/zolodio/Avatar-TCG-Database/raw/main/108.jpg,advantage,uncommon,AME,https://github.com/zolodio/Avatar-TCG-Database/raw/main/cardback.jpg,semi-gloss,semi-gloss,spirit,,
109,Highway Robbery,https://github.com/zolodio/Avatar-TCG-Database/raw/main/109.jpg,advantage,common,AME,https://github.com/zolodio/Avatar-TCG-Database/raw/main/cardback.jpg,semi-gloss,semi-gloss,spirit,,
110,Volcanic Fountain,https://github.com/zolodio/Avatar-TCG-Database/raw/main/110.jpg,advantage,rare,AME,https://github.com/zolodio/Avatar-TCG-Database/raw/main/cardback.jpg,semi-gloss,semi-gloss,spirit,,
111,Bonzu Pippinpaddle-Oppsokopolis III,https://github.com/zolodio/Avatar-TCG-Database/raw/main/111.jpg,advantage,uncommon,AME,https://github.com/zolodio/Avatar-TCG-Database/raw/main/cardback.jpg,semi-gloss,semi-gloss,,,
112,Caution to the Wind,https://github.com/zolodio/Avatar-TCG-Database/raw/main/112.jpg,advantage,common,AME,https://github.com/zolodio/Avatar-TCG-Database/raw/main/cardback.jpg,semi-gloss,semi-gloss,,,
113,Closed-Hand Form,https://github.com/zolodio/Avatar-TCG-Database/raw/main/113.jpg,advantage,common,AME,https://github.com/zolodio/Avatar-TCG-Database/raw/main/cardback.jpg,semi-gloss,semi-gloss,,,
114,Lifesaver,https://github.com/zolodio/Avatar-TCG-Database/raw/main/114.jpg,advantage,uncommon,AME,https://github.com/zolodio/Avatar-TCG-Database/raw/main/cardback.jpg,semi-gloss,semi-gloss,,,
115,Open-Hand Form,https://github.com/zolodio/Avatar-TCG-Database/raw/main/115.jpg,advantage,common,AME,https://github.com/zolodio/Avatar-TCG-Database/raw/main/cardback.jpg,semi-gloss,semi-gloss,,,
116,Roku's Guidance,https://github.com/zolodio/Avatar-TCG-Database/raw/main/116.jpg,advantage,common,AME,https://github.com/zolodio/Avatar-TCG-Database/raw/main/cardback.jpg,semi-gloss,semi-gloss,,,
117,Sustenance,https://github.com/zolodio/Avatar-TCG-Database/raw/main/117.jpg,advantage,common,AME,https://github.com/zolodio/Avatar-TCG-Database/raw/main/cardback.jpg,semi-gloss,semi-gloss,,,
118,Take Them Away,https://github.com/zolodio/Avatar-TCG-Database/raw/main/118.jpg,advantage,common,AME,https://github.com/zolodio/Avatar-TCG-Database/raw/main/cardback.jpg,semi-gloss,semi-gloss,,,
119,"Aang, the last airbender",https://github.com/zolodio/Avatar-TCG-Database/raw/main/119.jpg,ally,uncommon,AME,https://github.com/zolodio/Avatar-TCG-Database/raw/main/cardback.jpg,semi-gloss,semi-gloss,light,,
120,"Appa, flying bison",https://github.com/zolodio/Avatar-TCG-Database/raw/main/120.jpg,ally,rare,AME,https://github.com/zolodio/Avatar-TCG-Database/raw/main/cardback.jpg,semi-gloss,semi-gloss,light,,
121,"Katara, waterbender in training",https://github.com/zolodio/Avatar-TCG-Database/raw/main/121.jpg,ally,rare,AME,https://github.com/zolodio/Avatar-TCG-Database/raw/main/cardback.jpg,semi-gloss,semi-gloss,light,,
122,"King Bumi, rudder of Omashu",https://github.com/zolodio/Avatar-TCG-Database/raw/main/122.jpg,ally,uncommon,AME,https://github.com/zolodio/Avatar-TCG-Database/raw/main/cardback.jpg,semi-gloss,semi-gloss,light,,
123,"Momo, hungry lemur",https://github.com/zolodio/Avatar-TCG-Database/raw/main/123.jpg,ally,common,AME,https://github.com/zolodio/Avatar-TCG-Database/raw/main/cardback.jpg,semi-gloss,semi-gloss,light,,
124,"Monk Gyatso, Aang's mentor",https://github.com/zolodio/Avatar-TCG-Database/raw/main/124.jpg,ally,common,AME,https://github.com/zolodio/Avatar-TCG-Database/raw/main/cardback.jpg,semi-gloss,semi-gloss,light,,
125,"Jet, ruthless rebel",https://github.com/zolodio/Avatar-TCG-Database/raw/main/125.jpg,ally,uncommon,AME,https://github.com/zolodio/Avatar-TCG-Database/raw/main/cardback.jpg,semi-gloss,semi-gloss,shadow,,
126,"Jojo, the kissing bandit",https://github.com/zolodio/Avatar-TCG-Database/raw/main/126.jpg,ally,rare,AME,https://github.com/zolodio/Avatar-TCG-Database/raw/main/cardback.jpg,semi-gloss,semi-gloss,shadow,,
127,"Malu, a reclusive orphan",https://github.com/zolodio/Avatar-TCG-Database/raw/main/127.jpg,ally,uncommon,AME,https://github.com/zolodio/Avatar-TCG-Database/raw/main/cardback.jpg,semi-gloss,semi-gloss,shadow,,
128,"Pirate Captain, shady trader",https://github.com/zolodio/Avatar-TCG-Database/raw/main/128.jpg,ally,common,AME,https://github.com/zolodio/Avatar-TCG-Database/raw/main/cardback.jpg,semi-gloss,semi-gloss,shadow,,
129,"Prince Zuko, exile",https://github.com/zolodio/Avatar-TCG-Database/raw/main/129.jpg,ally,common,AME,https://github.com/zolodio/Avatar-TCG-Database/raw/main/cardback.jpg,semi-gloss,semi-gloss,shadow,,
130,"Uncle Iroh, Zuko's mentor",https://github.com/zolodio/Avatar-TCG-Database/raw/main/130.jpg,ally,rare,AME,https://github.com/zolodio/Avatar-TCG-Database/raw/main/cardback.jpg,semi-gloss,semi-gloss,shadow,,
131,"Afiko, bringer of ill winds",https://github.com/zolodio/Avatar-TCG-Database/raw/main/131.jpg,ally,rare,AME,https://github.com/zolodio/Avatar-TCG-Database/raw/main/cardback.jpg,semi-gloss,semi-gloss,dark,,
132,"Commander Zhao, ambitious leader",https://github.com/zolodio/Avatar-TCG-Database/raw/main/132.jpg,ally,uncommon,AME,https://github.com/zolodio/Avatar-TCG-Database/raw/main/cardback.jpg,semi-gloss,semi-gloss,dark,,
133,"Fire Nation Elite, hardened troops",https://github.com/zolodio/Avatar-TCG-Database/raw/main/133.jpg,ally,uncommon,AME,https://github.com/zolodio/Avatar-TCG-Database/raw/main/cardback.jpg,semi-gloss,semi-gloss,dark,,
134,"Kinto, cruel trickster",https://github.com/zolodio/Avatar-TCG-Database/raw/main/134.jpg,ally,rare,AME,https://github.com/zolodio/Avatar-TCG-Database/raw/main/cardback.jpg,semi-gloss,semi-gloss,dark,,
135,"Prison Warden, breaker of spirits",https://github.com/zolodio/Avatar-TCG-Database/raw/main/135.jpg,ally,common,AME,https://github.com/zolodio/Avatar-TCG-Database/raw/main/cardback.jpg,semi-gloss,semi-gloss,dark,,
136,"Zhao's Guard, loyal firebenders",https://github.com/zolodio/Avatar-TCG-Database/raw/main/136.jpg,ally,common,AME,https://github.com/zolodio/Avatar-TCG-Database/raw/main/cardback.jpg,semi-gloss,semi-gloss,dark,,
137,"Cabbage Merchant, unfortunate bystander",https://github.com/zolodio/Avatar-TCG-Database/raw/main/137.jpg,ally,uncommon,AME,https://github.com/zolodio/Avatar-TCG-Database/raw/main/cardback.jpg,semi-gloss,semi-gloss,,,
138,"Canyon Guide, pathfinder",https://github.com/zolodio/Avatar-TCG-Database/raw/main/138.jpg,ally,uncommon,AME,https://github.com/zolodio/Avatar-TCG-Database/raw/main/cardback.jpg,semi-gloss,semi-gloss,,,
139,"Gan Jin Tribe, children of Jin Wei",https://github.com/zolodio/Avatar-TCG-Database/raw/main/139.jpg,ally,common,AME,https://github.com/zolodio/Avatar-TCG-Database/raw/main/cardback.jpg,semi-gloss,semi-gloss,,,
140,"Herbalist, mad hermit",https://github.com/zolodio/Avatar-TCG-Database/raw/main/140.jpg,ally,uncommon,AME,https://github.com/zolodio/Avatar-TCG-Database/raw/main/cardback.jpg,semi-gloss,semi-gloss,,,
141,"Zhang Tribe, children of Wei Jin",https://github.com/zolodio/Avatar-TCG-Database/raw/main/141.jpg,ally,common,AME,https://github.com/zolodio/Avatar-TCG-Database/raw/main/cardback.jpg,semi-gloss,semi-gloss,,,
142,Air Scooter,https://github.com/zolodio/Avatar-TCG-Database/raw/main/142.jpg,strike,rare,AME,https://github.com/zolodio/Avatar-TCG-Database/raw/main/cardback.jpg,semi-gloss,semi-gloss,air,5,5
143,Chi Absorption,https://github.com/zolodio/Avatar-TCG-Database/raw/main/143.jpg,strike,uncommon,AME,https://github.com/zolodio/Avatar-TCG-Database/raw/main/cardback.jpg,semi-gloss,semi-gloss,air,8,1
144,Dust Funnels,https://github.com/zolodio/Avatar-TCG-Database/raw/main/144.jpg,strike,rare,AME,https://github.com/zolodio/Avatar-TCG-Database/raw/main/cardback.jpg,semi-gloss,semi-gloss,air,6,5
145,Graceful Leap,https://github.com/zolodio/Avatar-TCG-Database/raw/main/145.jpg,strike,uncommon,AME,https://github.com/zolodio/Avatar-TCG-Database/raw/main/cardback.jpg,semi-gloss,semi-gloss,air,4,2
146,Open-Palm Pushback,https://github.com/zolodio/Avatar-TCG-Database/raw/main/146.jpg,strike,rare,AME,https://github.com/zolodio/Avatar-TCG-Database/raw/main/cardback.jpg,semi-gloss,semi-gloss,air,5,6
147,Zoom!,https://github.com/zolodio/Avatar-TCG-Database/raw/main/147.jpg,strike,uncommon,AME,https://github.com/zolodio/Avatar-TCG-Database/raw/main/cardback.jpg,semi-gloss,semi-gloss,air,4,6
148,Boulder Smash,https://github.com/zolodio/Avatar-TCG-Database/raw/main/148.jpg,strike,rare,AME,https://github.com/zolodio/Avatar-TCG-Database/raw/main/cardback.jpg,semi-gloss,semi-gloss,earth,5,5
149,Choking Sand,https://github.com/zolodio/Avatar-TCG-Database/raw/main/149.jpg,strike,uncommon,AME,https://github.com/zolodio/Avatar-TCG-Database/raw/main/cardback.jpg,semi-gloss,semi-gloss,earth,4,6
150,Granite Block,https://github.com/zolodio/Avatar-TCG-Database/raw/main/150.jpg,strike,uncommon,AME,https://github.com/zolodio/Avatar-TCG-Database/raw/main/cardback.jpg,semi-gloss,semi-gloss,earth,7,5
151,Ground Breaker,https://github.com/zolodio/Avatar-TCG-Database/raw/main/151.jpg,strike,rare,AME,https://github.com/zolodio/Avatar-TCG-Database/raw/main/cardback.jpg,semi-gloss,semi-gloss,earth,6,2
152,Quarry Crush,https://github.com/zolodio/Avatar-TCG-Database/raw/main/152.jpg,strike,rare,AME,https://github.com/zolodio/Avatar-TCG-Database/raw/main/cardback.jpg,semi-gloss,semi-gloss,earth,3,5
153,Seismic Spring,https://github.com/zolodio/Avatar-TCG-Database/raw/main/153.jpg,strike,uncommon,AME,https://github.com/zolodio/Avatar-TCG-Database/raw/main/cardback.jpg,semi-gloss,semi-gloss,earth,4,4
154,Corona Punch,https://github.com/zolodio/Avatar-TCG-Database/raw/main/154.jpg,strike,rare,AME,https://github.com/zolodio/Avatar-TCG-Database/raw/main/cardback.jpg,semi-gloss,semi-gloss,fire,5,6
155,Ember Shot,https://github.com/zolodio/Avatar-TCG-Database/raw/main/155.jpg,strike,rare,AME,https://github.com/zolodio/Avatar-TCG-Database/raw/main/cardback.jpg,semi-gloss,semi-gloss,fire,4,6
156,Fire Sweep,https://github.com/zolodio/Avatar-TCG-Database/raw/main/156.jpg,strike,uncommon,AME,https://github.com/zolodio/Avatar-TCG-Database/raw/main/cardback.jpg,semi-gloss,semi-gloss,fire,3,3
157,Kindle,https://github.com/zolodio/Avatar-TCG-Database/raw/main/157.jpg,strike,uncommon,AME,https://github.com/zolodio/Avatar-TCG-Database/raw/main/cardback.jpg,semi-gloss,semi-gloss,fire,6,4
158,Twin Fire Daggers,https://github.com/zolodio/Avatar-TCG-Database/raw/main/158.jpg,strike,uncommon,AME,https://github.com/zolodio/Avatar-TCG-Database/raw/main/cardback.jpg,semi-gloss,semi-gloss,fire,7,2
159,Warship Barrage,https://github.com/zolodio/Avatar-TCG-Database/raw/main/159.jpg,strike,rare,AME,https://github.com/zolodio/Avatar-TCG-Database/raw/main/cardback.jpg,semi-gloss,semi-gloss,fire,4,4
160,Bubble Burst,https://github.com/zolodio/Avatar-TCG-Database/raw/main/160.jpg,strike,uncommon,AME,https://github.com/zolodio/Avatar-TCG-Database/raw/main/cardback.jpg,semi-gloss,semi-gloss,water,4,4
161,Clutches of the Deep,https://github.com/zolodio/Avatar-TCG-Database/raw/main/161.jpg,strike,rare,AME,https://github.com/zolodio/Avatar-TCG-Database/raw/main/cardback.jpg,semi-gloss,semi-gloss,water,9,0
162,Flash Flood,https://github.com/zolodio/Avatar-TCG-Database/raw/main/162.jpg,strike,rare,AME,https://github.com/zolodio/Avatar-TCG-Database/raw/main/cardback.jpg,semi-gloss,semi-gloss,water,5,4
163,Ice Blooms,https://github.com/zolodio/Avatar-TCG-Database/raw/main/163.jpg,strike,uncommon,AME,https://github.com/zolodio/Avatar-TCG-Database/raw/main/cardback.jpg,semi-gloss,semi-gloss,water,6,4
164,Single Water Whip,https://github.com/zolodio/Avatar-TCG-Database/raw/main/164.jpg,strike,uncommon,AME,https://github.com/zolodio/Avatar-TCG-Database/raw/main/cardback.jpg,semi-gloss,semi-gloss,water,5,5
165,Tidal Wave,https://github.com/zolodio/Avatar-TCG-Database/raw/main/165.jpg,strike,rare,AME,https://github.com/zolodio/Avatar-TCG-Database/raw/main/cardback.jpg,semi-gloss,semi-gloss,water,6,7
166,The Avatar Awakens,https://github.com/zolodio/Avatar-TCG-Database/raw/main/166.jpg,strike,Zenemental,AME,https://github.com/zolodio/Avatar-TCG-Database/raw/main/cardback.jpg,metal foil,semi-gloss,,8,8
167,"Sokka, big brother",https://github.com/zolodio/Avatar-TCG-Database/raw/main/167.jpg,ally,Zenemental,AME,https://github.com/zolodio/Avatar-TCG-Database/raw/main/cardback.jpg,metal foil,semi-gloss,,,
168,"Flopsie, Bumi's pet",https://github.com/zolodio/Avatar-TCG-Database/raw/main/168.jpg,ally,Zenemental,AME,https://github.com/zolodio/Avatar-TCG-Database/raw/main/cardback.jpg,metal foil,semi-gloss,,,
169,The Kissing Bandit,https://github.com/zolodio/Avatar-TCG-Database/raw/main/169.jpg,advantage,Zenemental,AME,https://github.com/zolodio/Avatar-TCG-Database/raw/main/cardback.jpg,metal foil,semi-gloss,,,
170,Strata Breaker,https://github.com/zolodio/Avatar-TCG-Database/raw/main/170.jpg,strike,Zenemental,AME,https://github.com/zolodio/Avatar-TCG-Database/raw/main/cardback.jpg,metal foil,semi-gloss,,3,3
171,Tail of the Comet,https://github.com/zolodio/Avatar-TCG-Database/raw/main/171.jpg,strike,Zenemental,AME,https://github.com/zolodio/Avatar-TCG-Database/raw/main/cardback.jpg,metal foil,semi-gloss,,5,5
172,Shocking Revelation,https://github.com/zolodio/Avatar-TCG-Database/raw/main/172.jpg,strike,Zenemental,AME,https://github.com/zolodio/Avatar-TCG-Database/raw/main/cardback.jpg,metal foil,semi-gloss,,5,4
173,Hollow Soul Hurricane,https://github.com/zolodio/Avatar-TCG-Database/raw/main/173.jpg,strike,Zenemental,AME,https://github.com/zolodio/Avatar-TCG-Database/raw/main/cardback.jpg,metal foil,semi-gloss,,4,4
174,Maw of the Inferno,https://github.com/zolodio/Avatar-TCG-Database/raw/main/174.jpg,strike,Zenemental,AME,https://github.com/zolodio/Avatar-TCG-Database/raw/main/cardback.jpg,metal foil,semi-gloss,,6,5
175,Aquatic Tendrils,https://github.com/zolodio/Avatar-TCG-Database/raw/main/175.jpg,advantage,Zenemental,AME,https://github.com/zolodio/Avatar-TCG-Database/raw/main/cardback.jpg,metal foil,semi-gloss,,,
176,Aang,https://github.com/zolodio/Avatar-TCG-Database/raw/main/AME176a.jpg,chamber,common,AME,https://github.com/zolodio/Avatar-TCG-Database/raw/main/AME176b.jpg,glossy,glossy,"fox, spirit, light, air",,
177,Aang,https://github.com/zolodio/Avatar-TCG-Database/raw/main/AME177a.jpg,chamber,common,AME,https://github.com/zolodio/Avatar-TCG-Database/raw/main/AME177b.jpg,glossy,glossy,"fox, spirit, light, air",,
178,Aang,https://github.com/zolodio/Avatar-TCG-Database/raw/main/AME178a.jpg,chamber,uncommon,AME,https://github.com/zolodio/Avatar-TCG-Database/raw/main/AME178b.jpg,glossy,glossy,"fox, spirit, light, air",,
179,Aang,https://github.com/zolodio/Avatar-TCG-Database/raw/main/AME179a.jpg,chamber,common,AME,https://github.com/zolodio/Avatar-TCG-Database/raw/main/AME179b.jpg,glossy,glossy,"fox, spirit, light, air",,
180,Aang,https://github.com/zolodio/Avatar-TCG-Database/raw/main/AME180a.jpg,chamber,uncommon,AME,https://github.com/zolodio/Avatar-TCG-Database/raw/main/AME180b.jpg,glossy,glossy,"fox, spirit, light, air",,
181,Aang,https://github.com/zolodio/Avatar-TCG-Database/raw/main/AME181a.jpg,chamber,rare,AME,https://github.com/zolodio/Avatar-TCG-Database/raw/main/AME181b.jpg,glossy,glossy,"fox, spirit, light, air",,
182,Katara,https://github.com/zolodio/Avatar-TCG-Database/raw/main/AME182a.jpg,chamber,common,AME,https://github.com/zolodio/Avatar-TCG-Database/raw/main/AME182b.jpg,glossy,glossy,"lion, mind, light, water",,
183,Katara,https://github.com/zolodio/Avatar-TCG-Database/raw/main/AME183a.jpg,chamber,common,AME,https://github.com/zolodio/Avatar-TCG-Database/raw/main/AME183b.jpg,glossy,glossy,"lion, mind, light, water",,
184,Katara,https://github.com/zolodio/Avatar-TCG-Database/raw/main/AME184a.jpg,chamber,uncommon,AME,https://github.com/zolodio/Avatar-TCG-Database/raw/main/AME184b.jpg,glossy,glossy,"lion, mind, light, water",,
185,Katara,https://github.com/zolodio/Avatar-TCG-Database/raw/main/AME185a.jpg,chamber,common,AME,https://github.com/zolodio/Avatar-TCG-Database/raw/main/AME185b.jpg,glossy,glossy,"lion, mind, light, water",,
186,Katara,https://github.com/zolodio/Avatar-TCG-Database/raw/main/AME186a.jpg,chamber,uncommon,AME,https://github.com/zolodio/Avatar-TCG-Database/raw/main/AME186b.jpg,glossy,glossy,"lion, mind, light, water",,
187,Katara,https://github.com/zolodio/Avatar-TCG-Database/raw/main/AME187a.jpg,chamber,rare,AME,https://github.com/zolodio/Avatar-TCG-Database/raw/main/AME187b.jpg,glossy,glossy,"lion, mind, light, water",,
188,King Bumi,https://github.com/zolodio/Avatar-TCG-Database/raw/main/AME188a.jpg,chamber,common,AME,https://github.com/zolodio/Avatar-TCG-Database/raw/main/AME188b.jpg,glossy,glossy,"bull, body, light, earth",,
189,King Bumi,https://github.com/zolodio/Avatar-TCG-Database/raw/main/AME189a.jpg,chamber,common,AME,https://github.com/zolodio/Avatar-TCG-Database/raw/main/AME189b.jpg,glossy,glossy,"bull, body, light, earth",,
190,King Bumi,https://github.com/zolodio/Avatar-TCG-Database/raw/main/AME190a.jpg,chamber,uncommon,AME,https://github.com/zolodio/Avatar-TCG-Database/raw/main/AME190b.jpg,glossy,glossy,"bull, body, light, earth",,
191,King Bumi,https://github.com/zolodio/Avatar-TCG-Database/raw/main/AME191a.jpg,chamber,common,AME,https://github.com/zolodio/Avatar-TCG-Database/raw/main/AME191b.jpg,glossy,glossy,"bull, body, light, earth",,
192,King Bumi,https://github.com/zolodio/Avatar-TCG-Database/raw/main/AME192a.jpg,chamber,uncommon,AME,https://github.com/zolodio/Avatar-TCG-Database/raw/main/AME192b.jpg,glossy,glossy,"bull, body, light, earth",,
193,King Bumi,https://github.com/zolodio/Avatar-TCG-Database/raw/main/AME193a.jpg,chamber,rare,AME,https://github.com/zolodio/Avatar-TCG-Database/raw/main/AME193b.jpg,glossy,glossy,"bull, body, light, earth",,
194,Jojo,https://github.com/zolodio/Avatar-TCG-Database/raw/main/AME194a.jpg,chamber,common,AME,https://github.com/zolodio/Avatar-TCG-Database/raw/main/AME194b.jpg,glossy,glossy,"fox, spirit, shadow, earth",,
195,Jojo,https://github.com/zolodio/Avatar-TCG-Database/raw/main/AME195a.jpg,chamber,common,AME,https://github.com/zolodio/Avatar-TCG-Database/raw/main/AME195b.jpg,glossy,glossy,"fox, spirit, shadow, earth",,
196,Jojo,https://github.com/zolodio/Avatar-TCG-Database/raw/main/AME196a.jpg,chamber,uncommon,AME,https://github.com/zolodio/Avatar-TCG-Database/raw/main/AME196b.jpg,glossy,glossy,"fox, spirit, shadow, earth",,
197,Jojo,https://github.com/zolodio/Avatar-TCG-Database/raw/main/AME197a.jpg,chamber,common,AME,https://github.com/zolodio/Avatar-TCG-Database/raw/main/AME197b.jpg,glossy,glossy,"fox, spirit, shadow, earth",,
198,Jojo,https://github.com/zolodio/Avatar-TCG-Database/raw/main/AME198a.jpg,chamber,uncommon,AME,https://github.com/zolodio/Avatar-TCG-Database/raw/main/AME198b.jpg,glossy,glossy,"fox, spirit, shadow, earth",,
199,Jojo,https://github.com/zolodio/Avatar-TCG-Database/raw/main/AME199a.jpg,chamber,rare,AME,https://github.com/zolodio/Avatar-TCG-Database/raw/main/AME199b.jpg,glossy,glossy,"fox, spirit, shadow, earth",,
200,Malu,https://github.com/zolodio/Avatar-TCG-Database/raw/main/AME200a.jpg,chamber,common,AME,https://github.com/zolodio/Avatar-TCG-Database/raw/main/AME200b.jpg,glossy,glossy,"lion, body, shadow, air",,
201,Malu,https://github.com/zolodio/Avatar-TCG-Database/raw/main/AME201a.jpg,chamber,common,AME,https://github.com/zolodio/Avatar-TCG-Database/raw/main/AME201b.jpg,glossy,glossy,"lion, body, shadow, air",,
202,Malu,https://github.com/zolodio/Avatar-TCG-Database/raw/main/AME202a.jpg,chamber,uncommon,AME,https://github.com/zolodio/Avatar-TCG-Database/raw/main/AME202b.jpg,glossy,glossy,"lion, body, shadow, air",,
203,Malu,https://github.com/zolodio/Avatar-TCG-Database/raw/main/AME203a.jpg,chamber,common,AME,https://github.com/zolodio/Avatar-TCG-Database/raw/main/AME203b.jpg,glossy,glossy,"lion, body, shadow, air",,
204,Malu,https://github.com/zolodio/Avatar-TCG-Database/raw/main/AME204a.jpg,chamber,uncommon,AME,https://github.com/zolodio/Avatar-TCG-Database/raw/main/AME204b.jpg,glossy,glossy,"lion, body, shadow, air",,
205,Malu,https://github.com/zolodio/Avatar-TCG-Database/raw/main/AME205a.jpg,chamber,rare,AME,https://github.com/zolodio/Avatar-TCG-Database/raw/main/AME205b.jpg,glossy,glossy,"lion, body, shadow, air",,
206,Prince Zuko,https://github.com/zolodio/Avatar-TCG-Database/raw/main/AME206a.jpg,chamber,common,AME,https://github.com/zolodio/Avatar-TCG-Database/raw/main/AME206b.jpg,glossy,glossy,"bull, spirit, shadow, fire",,
207,Prince Zuko,https://github.com/zolodio/Avatar-TCG-Database/raw/main/AME207a.jpg,chamber,common,AME,https://github.com/zolodio/Avatar-TCG-Database/raw/main/AME207b.jpg,glossy,glossy,"bull, spirit, shadow, fire",,
208,Prince Zuko,https://github.com/zolodio/Avatar-TCG-Database/raw/main/AME208a.jpg,chamber,uncommon,AME,https://github.com/zolodio/Avatar-TCG-Database/raw/main/AME208b.jpg,glossy,glossy,"bull, spirit, shadow, fire",,
209,Prince Zuko,https://github.com/zolodio/Avatar-TCG-Database/raw/main/AME209a.jpg,chamber,common,AME,https://github.com/zolodio/Avatar-TCG-Database/raw/main/AME209b.jpg,glossy,glossy,"bull, spirit, shadow, fire",,
210,Prince Zuko,https://github.com/zolodio/Avatar-TCG-Database/raw/main/AME210a.jpg,chamber,uncommon,AME,https://github.com/zolodio/Avatar-TCG-Database/raw/main/AME210b.jpg,glossy,glossy,"bull, spirit, shadow, fire",,
211,Prince Zuko,https://github.com/zolodio/Avatar-TCG-Database/raw/main/AME211a.jpg,chamber,rare,AME,https://github.com/zolodio/Avatar-TCG-Database/raw/main/AME211b.jpg,glossy,glossy,"bull, spirit, shadow, fire",,
212,Uncle Iroh,https://github.com/zolodio/Avatar-TCG-Database/raw/main/AME212a.jpg,chamber,common,AME,https://github.com/zolodio/Avatar-TCG-Database/raw/main/AME212b.jpg,glossy,glossy,"fox, mind, shadow, fire",,
213,Uncle Iroh,https://github.com/zolodio/Avatar-TCG-Database/raw/main/AME213a.jpg,chamber,common,AME,https://github.com/zolodio/Avatar-TCG-Database/raw/main/AME213b.jpg,glossy,glossy,"fox, mind, shadow, fire",,
214,Uncle Iroh,https://github.com/zolodio/Avatar-TCG-Database/raw/main/AME214a.jpg,chamber,uncommon,AME,https://github.com/zolodio/Avatar-TCG-Database/raw/main/AME214b.jpg,glossy,glossy,"fox, mind, shadow, fire",,
215,Uncle Iroh,https://github.com/zolodio/Avatar-TCG-Database/raw/main/AME215a.jpg,chamber,common,AME,https://github.com/zolodio/Avatar-TCG-Database/raw/main/AME215b.jpg,glossy,glossy,"fox, mind, shadow, fire",,
216,Uncle Iroh,https://github.com/zolodio/Avatar-TCG-Database/raw/main/AME216a.jpg,chamber,uncommon,AME,https://github.com/zolodio/Avatar-TCG-Database/raw/main/AME216b.jpg,glossy,glossy,"fox, mind, shadow, fire",,
217,Uncle Iroh,https://github.com/zolodio/Avatar-TCG-Database/raw/main/AME217a.jpg,chamber,rare,AME,https://github.com/zolodio/Avatar-TCG-Database/raw/main/AME217b.jpg,glossy,glossy,"fox, mind, shadow, fire",,
218,Afiko,https://github.com/zolodio/Avatar-TCG-Database/raw/main/AME218a.jpg,chamber,common,AME,https://github.com/zolodio/Avatar-TCG-Database/raw/main/AME218b.jpg,glossy,glossy,"lion, spirit, dark, air",,
219,Afiko,https://github.com/zolodio/Avatar-TCG-Database/raw/main/AME219a.jpg,chamber,common,AME,https://github.com/zolodio/Avatar-TCG-Database/raw/main/AME219b.jpg,glossy,glossy,"lion, spirit, dark, air",,
220,Afiko,https://github.com/zolodio/Avatar-TCG-Database/raw/main/AME220a.jpg,chamber,uncommon,AME,https://github.com/zolodio/Avatar-TCG-Database/raw/main/AME220b.jpg,glossy,glossy,"lion, spirit, dark, air",,
221,Afiko,https://github.com/zolodio/Avatar-TCG-Database/raw/main/AME221a.jpg,chamber,common,AME,https://github.com/zolodio/Avatar-TCG-Database/raw/main/AME221b.jpg,glossy,glossy,"lion, spirit, dark, air",,
222,Afiko,https://github.com/zolodio/Avatar-TCG-Database/raw/main/AME222a.jpg,chamber,uncommon,AME,https://github.com/zolodio/Avatar-TCG-Database/raw/main/AME222b.jpg,glossy,glossy,"lion, spirit, dark, air",,
223,Afiko,https://github.com/zolodio/Avatar-TCG-Database/raw/main/AME223a.jpg,chamber,rare,AME,https://github.com/zolodio/Avatar-TCG-Database/raw/main/AME223b.jpg,glossy,glossy,"lion, spirit, dark, air",,
224,Commander Zhao,https://github.com/zolodio/Avatar-TCG-Database/raw/main/AME224a.jpg,chamber,common,AME,https://github.com/zolodio/Avatar-TCG-Database/raw/main/AME224b.jpg,glossy,glossy,"bull, mind, dark, fire",,
225,Commander Zhao,https://github.com/zolodio/Avatar-TCG-Database/raw/main/AME225a.jpg,chamber,common,AME,https://github.com/zolodio/Avatar-TCG-Database/raw/main/AME225b.jpg,glossy,glossy,"bull, mind, dark, fire",,
226,Commander Zhao,https://github.com/zolodio/Avatar-TCG-Database/raw/main/AME226a.jpg,chamber,uncommon,AME,https://github.com/zolodio/Avatar-TCG-Database/raw/main/AME226b.jpg,glossy,glossy,"bull, mind, dark, fire",,
227,Commander Zhao,https://github.com/zolodio/Avatar-TCG-Database/raw/main/AME227a.jpg,chamber,common,AME,https://github.com/zolodio/Avatar-TCG-Database/raw/main/AME227b.jpg,glossy,glossy,"bull, mind, dark, fire",,
228,Commander Zhao,https://github.com/zolodio/Avatar-TCG-Database/raw/main/AME228a.jpg,chamber,uncommon,AME,https://github.com/zolodio/Avatar-TCG-Database/raw/main/AME228b.jpg,glossy,glossy,"bull, mind, dark, fire",,
229,Commander Zhao,https://github.com/zolodio/Avatar-TCG-Database/raw/main/AME229a.jpg,chamber,rare,AME,https://github.com/zolodio/Avatar-TCG-Database/raw/main/AME229b.jpg,glossy,glossy,"bull, mind, dark, fire",,
230,Kinto,https://github.com/zolodio/Avatar-TCG-Database/raw/main/AME230a.jpg,chamber,common,AME,https://github.com/zolodio/Avatar-TCG-Database/raw/main/AME230b.jpg,glossy,glossy,"fox, body, dark, water",,
231,Kinto,https://github.com/zolodio/Avatar-TCG-Database/raw/main/AME231a.jpg,chamber,common,AME,https://github.com/zolodio/Avatar-TCG-Database/raw/main/AME231b.jpg,glossy,glossy,"fox, body, dark, water",,
232,Kinto,https://github.com/zolodio/Avatar-TCG-Database/raw/main/AME232a.jpg,chamber,uncommon,AME,https://github.com/zolodio/Avatar-TCG-Database/raw/main/AME232b.jpg,glossy,glossy,"fox, body, dark, water",,
233,Kinto,https://github.com/zolodio/Avatar-TCG-Database/raw/main/AME233a.jpg,chamber,common,AME,https://github.com/zolodio/Avatar-TCG-Database/raw/main/AME233b.jpg,glossy,glossy,"fox, body, dark, water",,
234,Kinto,https://github.com/zolodio/Avatar-TCG-Database/raw/main/AME234a.jpg,chamber,uncommon,AME,https://github.com/zolodio/Avatar-TCG-Database/raw/main/AME234b.jpg,glossy,glossy,"fox, body, dark, water",,
235,Kinto,https://github.com/zolodio/Avatar-TCG-Database/raw/main/AME235a.jpg,chamber,rare,AME,https://github.com/zolodio/Avatar-TCG-Database/raw/main/AME235b.jpg,glossy,glossy,"fox, body, dark, water",,
ABK001,"Toph, earthbender",https://github.com/zolodio/Avatar-TCG-Database/raw/main/abk001.jpg,ally,PROMO,ABK,https://github.com/zolodio/Avatar-TCG-Database/raw/main/cardback.jpg,semi-gloss,semi-gloss,light,,
ABK002,"Princess Azula, firebender",https://github.com/zolodio/Avatar-TCG-Database/raw/main/abk002.jpg,ally,PROMO,ABK,https://github.com/zolodio/Avatar-TCG-Database/raw/main/cardback.jpg,semi-gloss,semi-gloss,dark,,
ABK003,Racing with the Wind,https://github.com/zolodio/Avatar-TCG-Database/raw/main/abk003.jpg,advantage,PROMO,ABK,https://github.com/zolodio/Avatar-TCG-Database/raw/main/cardback.jpg,semi-gloss,semi-gloss,spirit,,
ABK004,In The Breach,https://github.com/zolodio/Avatar-TCG-Database/raw/main/abk004.jpg,advantage,PROMO,ABK,https://github.com/zolodio/Avatar-TCG-Database/raw/main/cardback.jpg,semi-gloss,semi-gloss,body,,
ABK005,Juggle,https://github.com/zolodio/Avatar-TCG-Database/raw/main/abk005.jpg,strike,PROMO,ABK,https://github.com/zolodio/Avatar-TCG-Database/raw/main/cardback.jpg,semi-gloss,semi-gloss,air,5,6
ABK006,Taming the Flame,https://github.com/zolodio/Avatar-TCG-Database/raw/main/abk006.jpg,strike,PROMO,ABK,https://github.com/zolodio/Avatar-TCG-Database/raw/main/cardback.jpg,semi-gloss,semi-gloss,fire,6,5
ABK007,Water Whirl,https://github.com/zolodio/Avatar-TCG-Database/raw/main/abk007.jpg,strike,PROMO,ABK,https://github.com/zolodio/Avatar-TCG-Database/raw/main/cardback.jpg,semi-gloss,semi-gloss,water,7,1
ABK008,Boulder Roll,https://github.com/zolodio/Avatar-TCG-Database/raw/main/abk008.jpg,strike,PROMO,ABK,https://github.com/zolodio/Avatar-TCG-Database/raw/main/cardback.jpg,semi-gloss,semi-gloss,earth,5,5
APR001,Appa's Wild Ride,https://github.com/zolodio/Avatar-TCG-Database/raw/main/apr001.jpg,advantage,PROMO,APR,https://github.com/zolodio/Avatar-TCG-Database/raw/main/cardback.jpg,semi-gloss,semi-gloss,,,
APR002,Sokka's Mettle,https://github.com/zolodio/Avatar-TCG-Database/raw/main/apr002.jpg,strike,PROMO,APR,https://github.com/zolodio/Avatar-TCG-Database/raw/main/cardback.jpg,semi-gloss,semi-gloss,,5,5
FPR001,Air Cannon Aang,https://github.com/zolodio/Avatar-TCG-Database/raw/main/fpr001a.jpg,chamber,PROMO,FPR,https://github.com/zolodio/Avatar-TCG-Database/raw/main/fpr001b.jpg,glossy,glossy,"fox, spirit, light, air",,
FPR002,Fire Blast Zuko,https://github.com/zolodio/Avatar-TCG-Database/raw/main/fpr002a.jpg,chamber,PROMO,FPR,https://github.com/zolodio/Avatar-TCG-Database/raw/main/fpr002b.jpg,glossy,glossy,"bull, spirit, shadow, fire",,
FPR003,Ice Attack Aang,https://github.com/zolodio/Avatar-TCG-Database/raw/main/fpr003a.jpg,chamber,PROMO,FPR,https://github.com/zolodio/Avatar-TCG-Database/raw/main/fpr003b.jpg,glossy,glossy,"fox, spirit, light, water",,
XAPR001,Appa's Wild Ride in Plastic,https://github.com/zolodio/Avatar-TCG-Database/raw/main/XAPR001.jpg,sealed,other,APR,https://github.com/zolodio/Avatar-TCG-Database/raw/main/APR00Xb.jpg,holographic,semi-gloss,,,
XAPR002,Sokka's Mettle in Plastic,https://github.com/zolodio/Avatar-TCG-Database/raw/main/XAPR002.jpg,sealed,other,APR,https://github.com/zolodio/Avatar-TCG-Database/raw/main/APR00Xb.jpg,holographic,semi-gloss,,,
XBK001,Stack Attack Toph,https://github.com/zolodio/Avatar-TCG-Database/raw/main/XBK001.jpg,sealed,other,ABK,https://github.com/zolodio/Avatar-TCG-Database/raw/main/BKTOYBACK.jpg,plastic film,plastic film,,,
XBK002,Lava Launch Azula,https://github.com/zolodio/Avatar-TCG-Database/raw/main/XBK002.jpg,sealed,other,ABK,https://github.com/zolodio/Avatar-TCG-Database/raw/main/BKTOYBACK.jpg,plastic film,plastic film,,,
XBK003,Air Scooter Aang,https://github.com/zolodio/Avatar-TCG-Database/raw/main/XBK003.jpg,sealed,other,ABK,https://github.com/zolodio/Avatar-TCG-Database/raw/main/BKTOYBACK.jpg,plastic film,plastic film,,,
XBK004,Rip 'n Whirl Sokka,https://github.com/zolodio/Avatar-TCG-Database/raw/main/XBK004.jpg,sealed,other,ABK,https://github.com/zolodio/Avatar-TCG-Database/raw/main/BKTOYBACK.jpg,plastic film,plastic film,,,
XBK005,Master Airbender,https://github.com/zolodio/Avatar-TCG-Database/raw/main/XBK005.jpg,sealed,other,ABK,https://github.com/zolodio/Avatar-TCG-Database/raw/main/BKTOYBACK.jpg,plastic film,plastic film,,,
XBK006,Flame Tame Zuko,https://github.com/zolodio/Avatar-TCG-Database/raw/main/XBK006.jpg,sealed,other,ABK,https://github.com/zolodio/Avatar-TCG-Database/raw/main/BKTOYBACK.jpg,plastic film,plastic film,,,
XBK007,Water Swirl Katara,https://github.com/zolodio/Avatar-TCG-Database/raw/main/XBK007.jpg,sealed,other,ABK,https://github.com/zolodio/Avatar-TCG-Database/raw/main/BKTOYBACK.jpg,plastic film,plastic film,,,
XBK008,Boulder Roll,https://github.com/zolodio/Avatar-TCG-Database/raw/main/XBK008.jpg,sealed,other,ABK,https://github.com/zolodio/Avatar-TCG-Database/raw/main/BKTOYBACK.jpg,plastic film,plastic film,,,
XDVD001,DVD - Book 1 Volume 1,https://github.com/zolodio/Avatar-TCG-Database/raw/main/XDVD001.jpg,sealed,other,APR,https://github.com/zolodio/Avatar-TCG-Database/raw/main/XDVD001b.jpg,holographic,plastic film,,,
XDVD002,DVD - Book 1 Volume 2,https://github.com/zolodio/Avatar-TCG-Database/raw/main/XDVD002.jpg,sealed,other,APR,https://github.com/zolodio/Avatar-TCG-Database/raw/main/XDVD002b.jpg,holographic,plastic film,,,
K3474,Ice Attack Aang,https://github.com/zolodio/Avatar-TCG-Database/raw/main/K3474.jpg,sealed,other,FPR,https://github.com/zolodio/Avatar-TCG-Database/raw/main/K3474b.jpg,plastic film,plastic film,,,
H9748,Air Cannon Aang,https://github.com/zolodio/Avatar-TCG-Database/raw/main/H9748.jpg,sealed,other,FPR,https://github.com/zolodio/Avatar-TCG-Database/raw/main/H9748b.jpg,plastic film,plastic film,,,
L1234,Fire Blast Zuko,https://github.com/zolodio/Avatar-TCG-Database/raw/main/L1234.jpg,sealed,other,FPR,https://github.com/zolodio/Avatar-TCG-Database/raw/main/L1234.jpg,plastic film,plastic film,,,
STRT001,Sealed Starter Set,https://github.com/zolodio/Avatar-TCG-Database/raw/main/STRT001.jpg,sealed,other,AME,https://github.com/zolodio/Avatar-TCG-Database/raw/main/STRT001b.jpg,plastic film,plastic film,,,
STRT002,Sealed Starter Deck in Acrylic - Aang,https://github.com/zolodio/Avatar-TCG-Database/raw/main/STRT002.jpg,sealed,other,AME,https://github.com/zolodio/Avatar-TCG-Database/raw/main/STRT00Xb.jpg,glossy,glossy,,,
STRT003,Sealed Starter Deck in Acrylic - Katara,https://github.com/zolodio/Avatar-TCG-Database/raw/main/STRT003.jpg,sealed,other,AME,https://github.com/zolodio/Avatar-TCG-Database/raw/main/STRT00Xb.jpg,glossy,glossy,,,
STRT004,Sealed Starter Deck in Acrylic - King Bumi,https://github.com/zolodio/Avatar-TCG-Database/raw/main/STRT004.jpg,sealed,other,AME,https://github.com/zolodio/Avatar-TCG-Database/raw/main/STRT00Xb.jpg,glossy,glossy,,,
STRT005,Sealed Starter Deck in Acrylic - Jojo,https://github.com/zolodio/Avatar-TCG-Database/raw/main/STRT005.jpg,sealed,other,AME,https://github.com/zolodio/Avatar-TCG-Database/raw/main/STRT00Xb.jpg,glossy,glossy,,,
STRT006,Sealed Starter Deck in Acrylic - Malu,https://github.com/zolodio/Avatar-TCG-Database/raw/main/STRT006.jpg,sealed,other,AME,https://github.com/zolodio/Avatar-TCG-Database/raw/main/STRT00Xb.jpg,glossy,glossy,,,
STRT007,Sealed Starter Deck in Acrylic - Prince Zuko,https://github.com/zolodio/Avatar-TCG-Database/raw/main/STRT007.jpg,sealed,other,AME,https://github.com/zolodio/Avatar-TCG-Database/raw/main/STRT00Xb.jpg,glossy,glossy,,,
STRT008,Sealed Starter Deck in Acrylic - Uncle Iroh,https://github.com/zolodio/Avatar-TCG-Database/raw/main/STRT008.jpg,sealed,other,AME,https://github.com/zolodio/Avatar-TCG-Database/raw/main/STRT00Xb.jpg,glossy,glossy,,,
STRT009,Sealed Starter Deck in Acrylic - Afiko,https://github.com/zolodio/Avatar-TCG-Database/raw/main/STRT009.jpg,sealed,other,AME,https://github.com/zolodio/Avatar-TCG-Database/raw/main/STRT00Xb.jpg,glossy,glossy,,,
STRT010,Sealed Starter Deck in Acrylic - Commander Zhao,https://github.com/zolodio/Avatar-TCG-Database/raw/main/STRT010.jpg,sealed,other,AME,https://github.com/zolodio/Avatar-TCG-Database/raw/main/STRT00Xb.jpg,glossy,glossy,,,
STRT011,Sealed Starter Deck in Acrylic - Kinto,https://github.com/zolodio/Avatar-TCG-Database/raw/main/STRT011.jpg,sealed,other,AME,https://github.com/zolodio/Avatar-TCG-Database/raw/main/STRT00Xb.jpg,glossy,glossy,,,
BSTR001,Foil Booster Pack,https://github.com/zolodio/Avatar-TCG-Database/raw/main/BSTR001.jpg,sealed,other,AME,https://github.com/zolodio/Avatar-TCG-Database/raw/main/BSTR001b.jpg,metal foil,metal foil,,,
BSTR002,Blister Pack,https://github.com/zolodio/Avatar-TCG-Database/raw/main/BSTR002.jpg,sealed,other,AME,https://github.com/zolodio/Avatar-TCG-Database/raw/main/BSTR002b.jpg,semi-gloss,cardboard,,,
BSTR003,Double Blister Pack,https://github.com/zolodio/Avatar-TCG-Database/raw/main/BSTR003.jpg,sealed,other,AME,https://github.com/zolodio/Avatar-TCG-Database/raw/main/BSTR003b.jpg,semi-gloss,cardboard,,,
BSTR004,Booster Box,https://github.com/zolodio/Avatar-TCG-Database/raw/main/BSTR004.jpg,sealed,other,AME,https://github.com/zolodio/Avatar-TCG-Database/raw/main/BSTR004b.jpg,plastic film,plastic film,,,
RLBK001,Official Rulebook,https://github.com/zolodio/Avatar-TCG-Database/raw/main/RLBK001.jpg,other,other,AME,https://github.com/zolodio/Avatar-TCG-Database/raw/main/RLBK001b.jpg,semi-gloss,semi-gloss,,,
PLMT001,Paper PlayMat,https://github.com/zolodio/Avatar-TCG-Database/raw/main/PLMT001.jpg,other,other,AME,https://github.com/zolodio/Avatar-TCG-Database/raw/main/PLMT001b.jpg,semi-gloss,semi-gloss,,,
PLMT002,Fabric PlayMat,https://github.com/zolodio/Avatar-TCG-Database/raw/main/PLMT002.jpg,other,other,AME,https://github.com/zolodio/Avatar-TCG-Database/raw/main/PLMT002b.jpg,fabric,rubber,,,
MTBX001,Empty Starter Box,https://github.com/zolodio/Avatar-TCG-Database/raw/main/MTBX001.jpg,other,other,AME,https://github.com/zolodio/Avatar-TCG-Database/raw/main/MTBX001b.jpg,matte,glossy,,,
MTBX002,Empty Acrylic Starter Deck Box,https://github.com/zolodio/Avatar-TCG-Database/raw/main/MTBX002.jpg,other,other,AME,https://github.com/zolodio/Avatar-TCG-Database/raw/main/MTBX002b.jpg,glossy,glossy,,,
PSTR001,Be The Avatar Poster,https://github.com/zolodio/Avatar-TCG-Database/raw/main/PSTR001.jpg,other,other,AME,https://github.com/zolodio/Avatar-TCG-Database/raw/main/PSTR00Xb.jpg,semi-gloss,semi-gloss,,,
PSTR002,Experience The Legend Poster,https://github.com/zolodio/Avatar-TCG-Database/raw/main/PSTR002.jpg,other,other,AME,https://github.com/zolodio/Avatar-TCG-Database/raw/main/PSTR00Xb.jpg,semi-gloss,semi-gloss,,,
PSTR003,Master The Elements Poster,https://github.com/zolodio/Avatar-TCG-Database/raw/main/PSTR003.jpg,other,other,AME,https://github.com/zolodio/Avatar-TCG-Database/raw/main/PSTR00Xb.jpg,semi-gloss,semi-gloss,,,